{
  "mse": 0.08423942431807518,
  "mae": 0.09654119834303856,
  "psnr": 11.669302606582642,
  "ssim": 0.7631868624626015,
  "relative_error": 0.977288830280304
}