{
    "train_loss": [
        1.6056177139282226
    ],
    "val_loss": [
        1.8749377131462097
    ],
    "train_ce_loss": [
        0.8589888930320739
    ],
    "val_ce_loss": [
        1.0929853916168213
    ],
    "train_dice_loss": [
        0.7466288328170776
    ],
    "val_dice_loss": [
        0.7819523215293884
    ],
    "learning_rate": [
        0.001
    ]
}