{
  "train_loss": [
    0.5690738260746002,
    9.147899121046066,
    1.0198142528533936,
    0.491727277636528,
    0.17244403064250946,
    0.10143284872174263,
    0.12840671837329865,
    0.1508081629872322,
    0.10817957669496536,
    0.08082625269889832,
    0.08361603319644928,
    0.07642640173435211,
    0.07187182828783989,
    0.06766556203365326,
    0.06631464883685112,
    0.06561034917831421,
    0.06552771106362343,
    0.0661250501871109,
    0.0660770870745182,
    0.06523159146308899,
    0.06635592877864838,
    0.06495294347405434,
    0.06382255628705025,
    0.06487666442990303,
    0.06273884698748589,
    0.062433572486042976,
    0.062175534665584564,
    0.0699598379433155,
    0.071141067892313,
    0.0682981126010418,
    0.06729738041758537,
    0.06730388477444649,
    0.0666697807610035,
    0.06645294278860092,
    0.06625943258404732,
    0.06576969474554062,
    0.06561320647597313,
    0.06531144678592682,
    0.06510015204548836,
    0.06763406097888947,
    0.0657091736793518,
    0.06504612043499947,
    0.0647522360086441,
    0.0646672286093235,
    0.06453081220388412,
    0.06437550112605095,
    0.06425188854336739,
    0.06409799680113792,
    0.06401941925287247,
    0.06393135339021683,
    0.06382434442639351,
    0.0637570209801197,
    0.06405683606863022,
    0.06379623338580132,
    0.06369904056191444
  ],
  "val_loss": [
    2.2232914699534305e+31,
    2.4571240224310218e+20,
    94923852349440.0,
    37147840512.0,
    80398080.0,
    444725.46875,
    112.83619689941406,
    0.6541446447372437,
    0.1893368512392044,
    0.22221875190734863,
    0.19828051328659058,
    0.1310030221939087,
    0.08460833132266998,
    0.06757146865129471,
    0.0666818916797638,
    0.0669260248541832,
    0.06727845221757889,
    0.06732823699712753,
    0.06708264350891113,
    0.06679672747850418,
    0.0666884332895279,
    0.06684359163045883,
    0.06714455783367157,
    0.06745750457048416,
    0.06767071783542633,
    0.06771714985370636,
    0.06765550374984741,
    0.06752187013626099,
    0.06729599088430405,
    0.06696166843175888,
    0.06671863049268723,
    0.06668730825185776,
    0.06670286506414413,
    0.06675270944833755,
    0.06682660430669785,
    0.06690188497304916,
    0.06694933027029037,
    0.06696049869060516,
    0.06694512814283371,
    0.06691470742225647,
    0.06686899811029434,
    0.06682075560092926,
    0.0667852833867073,
    0.06676813215017319,
    0.06676843762397766,
    0.06678593903779984,
    0.0668192133307457,
    0.06684183329343796,
    0.06686802208423615,
    0.06689687818288803,
    0.06692713499069214,
    0.0669592097401619,
    0.06699037551879883,
    0.06702147424221039,
    0.06705223023891449
  ],
  "learning_rate": [
    0.2,
    0.2,
    0.2,
    0.2,
    0.2,
    0.2,
    0.2,
    0.2,
    0.2,
    0.2,
    0.2,
    0.2,
    0.2,
    0.2,
    0.2,
    0.2,
    0.2,
    0.2,
    0.2,
    0.2,
    0.2,
    0.2,
    0.2,
    0.2,
    0.2,
    0.2,
    0.2,
    0.2,
    0.2,
    0.2,
    0.2,
    0.1,
    0.1,
    0.1,
    0.1,
    0.1,
    0.1,
    0.1,
    0.1,
    0.1,
    0.1,
    0.1,
    0.1,
    0.1,
    0.1,
    0.1,
    0.1,
    0.05,
    0.05,
    0.05,
    0.05,
    0.05,
    0.05,
    0.05,
    0.05
  ],
  "val_metrics": [
    {
      "mse": 2.2232914699534305e+31,
      "mae": 3021729878245376.0,
      "psnr": -313.4699821472168,
      "ssim": 0.0,
      "relative_error": 1.825898186460365e+16
    },
    {
      "mse": 2.4571240224310218e+20,
      "mae": 9400783872.0,
      "psnr": -203.9042854309082,
      "ssim": 4.200098412827533e-21,
      "relative_error": 60700446720.0
    },
    {
      "mse": 94923852349440.0,
      "mae": 5335426.5,
      "psnr": -139.77375984191895,
      "ssim": 2.1717503718209336e-14,
      "relative_error": 37728196.0
    },
    {
      "mse": 37147840512.0,
      "mae": 103986.046875,
      "psnr": -105.69933891296387,
      "ssim": 7.688955034366124e-11,
      "relative_error": 746354.5
    },
    {
      "mse": 80398080.0,
      "mae": 4924.29296875,
      "psnr": -79.05246257781982,
      "ssim": 5.973432447516711e-08,
      "relative_error": 34721.71875
    },
    {
      "mse": 444725.46875,
      "mae": 344.7427673339844,
      "psnr": -56.48092269897461,
      "ssim": 5.0113233687135404e-05,
      "relative_error": 2582.405029296875
    },
    {
      "mse": 112.83619689941406,
      "mae": 5.239558696746826,
      "psnr": -20.524485111236572,
      "ssim": 0.014784328519855878,
      "relative_error": 41.1341552734375
    },
    {
      "mse": 0.6541446447372437,
      "mae": 0.5929384827613831,
      "psnr": 1.8432620167732239,
      "ssim": 0.011900995884373988,
      "relative_error": 3.131953239440918
    },
    {
      "mse": 0.1893368512392044,
      "mae": 0.38308241963386536,
      "psnr": 7.227649092674255,
      "ssim": -0.009303541759745465,
      "relative_error": 1.684984564781189
    },
    {
      "mse": 0.22221875190734863,
      "mae": 0.40667521953582764,
      "psnr": 6.532193422317505,
      "ssim": 0.008918726585815724,
      "relative_error": 1.8254449367523193
    },
    {
      "mse": 0.19828051328659058,
      "mae": 0.35721588134765625,
      "psnr": 7.02720046043396,
      "ssim": 0.029736585777641218,
      "relative_error": 1.724321961402893
    },
    {
      "mse": 0.1310030221939087,
      "mae": 0.26716339588165283,
      "psnr": 8.827186822891235,
      "ssim": 0.03770157099884133,
      "relative_error": 1.4015835523605347
    },
    {
      "mse": 0.08460833132266998,
      "mae": 0.17049281299114227,
      "psnr": 10.725868940353394,
      "ssim": 0.027720418732023164,
      "relative_error": 1.1263799667358398
    },
    {
      "mse": 0.06757146865129471,
      "mae": 0.09922955185174942,
      "psnr": 11.702367067337036,
      "ssim": 0.05413056243950197,
      "relative_error": 1.0066072940826416
    },
    {
      "mse": 0.0666818916797638,
      "mae": 0.07404839247465134,
      "psnr": 11.759922504425049,
      "ssim": 0.39691900651148615,
      "relative_error": 0.9999593496322632
    },
    {
      "mse": 0.0669260248541832,
      "mae": 0.08634615689516068,
      "psnr": 11.744049787521362,
      "ssim": 0.13519772360241913,
      "relative_error": 1.0017881393432617
    },
    {
      "mse": 0.06727845221757889,
      "mae": 0.0943702906370163,
      "psnr": 11.721240282058716,
      "ssim": 0.06958100649203178,
      "relative_error": 1.0044223070144653
    },
    {
      "mse": 0.06732823699712753,
      "mae": 0.09527938067913055,
      "psnr": 11.718028783798218,
      "ssim": 0.06517934699555791,
      "relative_error": 1.0047938823699951
    },
    {
      "mse": 0.06708264350891113,
      "mae": 0.09035712480545044,
      "psnr": 11.733897924423218,
      "ssim": 0.09500467830765989,
      "relative_error": 1.0029596090316772
    },
    {
      "mse": 0.06679672747850418,
      "mae": 0.0818372294306755,
      "psnr": 11.752448081970215,
      "ssim": 0.21076094143889873,
      "relative_error": 1.0008199214935303
    },
    {
      "mse": 0.0666884332895279,
      "mae": 0.07436846196651459,
      "psnr": 11.759495735168457,
      "ssim": 0.3927968894426275,
      "relative_error": 1.0000083446502686
    },
    {
      "mse": 0.06684359163045883,
      "mae": 0.0846002921462059,
      "psnr": 11.749402284622192,
      "ssim": 0.15947164476343245,
      "relative_error": 1.0011709928512573
    },
    {
      "mse": 0.06714455783367157,
      "mae": 0.0926339253783226,
      "psnr": 11.729892492294312,
      "ssim": 0.07898093552825682,
      "relative_error": 1.0034222602844238
    },
    {
      "mse": 0.06745750457048416,
      "mae": 0.09840430319309235,
      "psnr": 11.709697246551514,
      "ssim": 0.05251664870158159,
      "relative_error": 1.0057580471038818
    },
    {
      "mse": 0.06767071783542633,
      "mae": 0.10167490690946579,
      "psnr": 11.695992946624756,
      "ssim": 0.04286960553953501,