{
  "mse": 0.7105093995730082,
  "mae": 0.35773436228434247,
  "psnr": 1.5664473921060562,
  "ssim": 0.32854827864885433,
  "relative_error": 2.7640873193740845
}