{
  "train_loss": [
    0.06209072470664978,
    0.06108887121081352
  ],
  "val_loss": [
    0.025786202400922775,
    0.025785967707633972
  ],
  "learning_rate": [
    0.001,
    0.001
  ],
  "val_metrics": [
    {
      "mse": 0.025786202400922775,
      "mae": 0.02982199564576149,
      "psnr": 15.88612675666809,
      "ssim": 0.8852141666326354,
      "relative_error": 1.000004529953003
    },
    {
      "mse": 0.025785967707633972,
      "mae": 0.029791414737701416,
      "psnr": 15.886166095733643,
      "ssim": 0.8852309112499683,
      "relative_error": 1.0
    }
  ]
}