{
  "train_loss": [
    0.1844967156648636,
    0.15019138157367706
  ],
  "val_loss": [
    0.02797047235071659,
    0.027358083054423332
  ],
  "learning_rate": [
    0.001,
    0.001
  ],
  "val_metrics": [
    {
      "mse": 0.02797047235071659,
      "mae": 0.12491592764854431,
      "psnr": 15.53300142288208,
      "ssim": 0.01467427371069789,
      "relative_error": 1.124912142753601
    },
    {
      "mse": 0.027358083054423332,
      "mae": 0.12105347216129303,
      "psnr": 15.62914490699768,
      "ssim": 0.013710948093976185,
      "relative_error": 1.1125295162200928
    }
  ]
}