index,file,level,score
1,1,2,0.7078505369466965
2,2,2,0.7483255777764244
3,3,2,0.7073451248503513
