{
    "train_loss": [
        1.6220839738845825
    ],
    "val_loss": [
        1.767951488494873
    ],
    "train_ce_loss": [
        0.8720703244209289
    ],
    "val_ce_loss": [
        1.0042824149131775
    ],
    "train_dice_loss": [
        0.7500136375427247
    ],
    "val_dice_loss": [
        0.7636690735816956
    ],
    "learning_rate": [
        0.001
    ]
}