index,file,level,score
1,1,3,0.5683352644455215
2,2,3,0.7707313499201824
3,3,3,0.5779444410639022
