{
  "mse": 0.08411227334290743,
  "mae": 0.11116932705044746,
  "psnr": 11.90723912715912,
  "ssim": 0.6007978483207006,
  "relative_error": 0.9402008402347565
}