{
    "train_loss": [
        1.8823349475860596
    ],
    "val_loss": [
        1.928382158279419
    ],
    "train_ce_loss": [
        1.1094930171966553
    ],
    "val_ce_loss": [
        1.148095726966858
    ],
    "train_dice_loss": [
        0.7728419899940491
    ],
    "val_dice_loss": [
        0.7802863717079163
    ],
    "learning_rate": [
        0.001
    ]
}