{
  "mse": 0.08418266136199236,
  "mae": 0.09648584350943565,
  "psnr": 11.670158910751343,
  "ssim": 0.7635613509152155,
  "relative_error": 0.9779745781421662
}