index,file,level,score
1,1.mat,1,0.744718851
2,2.mat,1,0.787933348
3,3.mat,1,0.82841066
