{
    "train_loss": [
        1.1511154234409333,
        0.8026145148277283,
        0.710274168252945,
        0.6520638525485992,
        0.600418826341629,
        0.5353304159641266,
        0.4908435571193695,
        0.4630456948280334,
        0.4474222975969315,
        0.430972603559494,
        0.4330548346042633,
        0.4266278862953186,
        0.4218382823467255,
        0.4158559840917587,
        0.4115934723615646,
        0.41006632030010226,
        0.4140444755554199,
        0.4089250957965851,
        0.399010044336319,
        0.3925005567073822,
        0.39049705922603606,
        0.39088278234004975,
        0.3910178339481354,
        0.39030475735664366,
        0.3941686648130417,
        0.37982714533805845,
        0.37379824578762055,
        0.3745483982563019,
        0.3735316705703735,
        0.3732516252994537,
        0.3693267858028412,
        0.36957046389579773,
        0.36865451872348787,
        0.3635703063011169,
        0.36276813805103303,
        0.3617409098148346,
        0.3590745937824249,
        0.36198864579200746,
        0.3609561413526535,
        0.359354293346405,
        0.3572468489408493,
        0.3583992654085159,
        0.35719149470329287,
        0.35723211884498596,
        0.35809076845645904,
        0.3572622787952423,
        0.35789902210235597,
        0.35576474368572236,
        0.35683470368385317,
        0.35407768487930297,
        0.35082767546176913,
        0.34924671828746795,
        0.34783760011196135,
        0.3485786420106888,
        0.34674580723047255,
        0.34731680929660796,
        0.34517332196235656,
        0.34553142488002775,
        0.3424560299515724
    ],
    "val_loss": [
        0.8819186687469482,
        0.7293126445550185,
        0.6468014625402597,
        0.6001014205125662,
        0.5612844595542321,
        0.47617026475759655,
        0.4518656318004315,
        0.43582984805107117,
        0.4262902782513545,
        0.42164551982512843,
        0.42798521656256455,
        0.41621957604701704,
        0.41409618579424345,
        0.41819679966339696,
        0.4075381893378038,
        0.4105572769275078,
        0.4050372288777278,
        0.4160366929494418,
        0.39906910291084874,
        0.400604614844689,
        0.4034387446366824,
        0.3993369386746333,
        0.40196820635061997,
        0.39969025208399844,
        0.4050572124811319,
        0.3950366767553183,
        0.38928775833203244,
        0.3893717871262477,
        0.3903773587483626,
        0.39033939975958604,
        0.3897705261523907,
        0.3900615389530475,
        0.39033950292147124,
        0.38753265371689427,
        0.3884787697058458,
        0.38791046234277576,
        0.3884270122418037,
        0.39010559824796825,
        0.3879685126818143,
        0.3866912837211902,
        0.3883979343450986,
        0.38837290497926563,
        0.38693063304974484,
        0.38611042499542236,
        0.38882789932764494,
        0.3862869945856241,
        0.38658574452767,
        0.38805286700908953,
        0.3892421080515935,
        0.388174811234841,
        0.38621726632118225,
        0.3870888283619514,
        0.3880510995021233,
        0.3869695801001329,
        0.3881392410168281,
        0.3895921867627364,
        0.3892176701472356,
        0.3889645475607652,
        0.3890419006347656
    ],
    "train_ce_loss": [
        0.47924793988466263,
        0.22754983782768248,
        0.18640392601490022,
        0.15972079575061798,
        0.13673139452934266,
        0.12833898440003394,
        0.11139363273978234,
        0.09955159276723861,
        0.09222896605730056,
        0.08470508486032485,
        0.08619718760251999,
        0.08277843028306961,
        0.08103073850274085,
        0.07787002816796303,
        0.07601863175630569,
        0.0758516775071621,
        0.07727666534483432,
        0.07493573822081089,
        0.0695057151466608,
        0.06660897448658944,
        0.06538124777376651,
        0.06582858830690384,
        0.06632107727229596,
        0.0649251689761877,
        0.06744761109352111,
        0.059955720081925394,
        0.05683505587279797,
        0.05695495031774044,
        0.05658824294805527,
        0.05628884918987751,
        0.05423080511391163,
        0.05475932724773884,
        0.053968286886811254,
        0.051652023717761036,
        0.05083777338266373,
        0.05043171375989914,
        0.04870889820158482,
        0.05069765437394381,
        0.05032786831259727,
        0.04933531574904919,
        0.04789549320936203,
        0.04873204164206982,
        0.048293868564069274,
        0.04811818420886994,
        0.04892702557146549,
        0.048109574653208254,
        0.04882337130606174,
        0.04747666921466589,
        0.048159953653812405,
        0.0467825935035944,
        0.044858589097857476,
        0.04425439346581697,
        0.043592458963394164,
        0.04388970673084259,
        0.04287878450006247,
        0.04349989954382181,
        0.04200355425477028,
        0.04258347798138857,
        0.040809934809803966
    ],
    "val_ce_loss": [
        0.2585063141125899,
        0.19768277956889227,
        0.1520687204140883,
        0.131360901089815,
        0.12708568572998047,
        0.10440657001275283,
        0.09270486923364493,
        0.08653460786892818,
        0.08030944432203586,
        0.07851502070060143,
        0.08382039259259517,
        0.07899524414768586,
        0.07528960418242675,
        0.08217610877293807,
        0.07113291351841046,
        0.07667914147560413,
        0.07107660604211,
        0.07830694518410243,
        0.07229758770420001,
        0.07306791469454765,
        0.07740234784208812,
        0.0710967592895031,
        0.07386563661006781,
        0.07228628861216399,
        0.07721354353886384,
        0.06973059303485431,
        0.06698851430645356,
        0.06483539852958459,
        0.06800181246720828,
        0.06728646273796375,
        0.06852683052420616,
        0.06764040830043647,
        0.07062399501983936,
        0.06660636886954308,
        0.06856054669389358,
        0.06741148634598805,
        0.06911993284638111,
        0.07005371153354645,
        0.0674071627167555,
        0.0674261416380222,
        0.06924510317353103,
        0.07049996119279128,
        0.0683614989885917,
        0.06707876634139281,
        0.0675888666166709,
        0.06805880682972762,
        0.06729574587482673,
        0.06925349969130296,
        0.07131910524689235,
        0.06924473637571701,
        0.06929415980210671,
        0.07018440847213452,
        0.07111375492352706,
        0.07032163297900787,
        0.07199756256662883,
        0.07290610728355554,
        0.07296120461363059,
        0.07275417217841515,
        0.07305751998837177
    ],