{
    "train_loss": [
        1.3024300944805145
    ],
    "val_loss": [
        0.956818585212414
    ],
    "train_ce_loss": [
        0.59805699467659
    ],
    "val_ce_loss": [
        0.31686795445588917
    ],
    "train_dice_loss": [
        0.7043730986118316
    ],
    "val_dice_loss": [
        0.6399506238790659
    ],
    "learning_rate": [
        0.001
    ]
}